ชื่อย่อบัญชี,"",ยอดเงินคงเหลือ,"2,534,523.06",
เลขที่บัญชี,"959-7-125468",ยอดเงินที่ถอนได้,"2,534,523.06",

วันที่ทำรายการ,วันที่มีผล,คำอธิบาย,หักบัญชี,เข้าบัญชี,ยอดคงเหลือ,ช่องทางทำรายการ,
"28 ก.พ. 2568 17:05","28 ก.พ. 2568","รับเงินชำระค่าสินค้า/บริการ","","380,359.00","6,892,541.33","CMS"
"28 ก.พ. 2568 03:46","28 ก.พ. 2568","ชำระค่าบัตรเครดิต","","51,215.33","6,512,182.33","AUTO"
"27 ก.พ. 2568 16:47","27 ก.พ. 2568","รับเงินชำระค่าสินค้า/บริการ","","410,965.00","6,460,967.00","CMS"
"27 ก.พ. 2568 16:24","27 ก.พ. 2568","แคชเชียร์เช็ค","","50,000.00","6,050,002.00","BR0245"
"26 ก.พ. 2568 17:16","26 ก.พ. 2568","รับเงินชำระค่าสินค้า/บริการ","","400,915.00","6,000,002.00","CMS"
"25 ก.พ. 2568 15:56","25 ก.พ. 2568","รับเงินชำระค่าสินค้า/บริการ","","428,130.00","5,599,087.00","CMS"
"25 ก.พ. 2568 04:01","25 ก.พ. 2568","ชำระค่าบัตรเครดิต","","15,782.80","5,170,957.00","AUTO"
"24 ก.พ. 2568 17:20","24 ก.พ. 2568","รับเงินชำระค่าสินค้า/บริการ","","349,696.00","5,155,174.20","CMS"
"24 ก.พ. 2568 17:20","24 ก.พ. 2568","รับเงินชำระค่าสินค้า/บริการ","","653,580.00","4,805,478.20","CMS"
"24 ก.พ. 2568 04:01","24 ก.พ. 2568","ชำระค่าบัตรเครดิต","","30,017.16","4,151,898.20","AUTO"
"22 ก.พ. 2568 03:10","22 ก.พ. 2568","ชำระค่าบัตรเครดิต","","14,673.96","4,121,881.04","AUTO"
"21 ก.พ. 2568 15:57","21 ก.พ. 2568","รับเงินชำระค่าสินค้า/บริการ","","445,477.00","4,107,207.08","CMS"
"20 ก.พ. 2568 16:05","20 ก.พ. 2568","รับเงินชำระค่าสินค้า/บริการ","","710,373.00","3,661,730.08","CMS"
"19 ก.พ. 2568 16:12","19 ก.พ. 2568","รับเงินชำระค่าสินค้า/บริการ","","500,110.00","2,951,357.08","CMS"
"18 ก.พ. 2568 16:24","18 ก.พ. 2568","รับเงินชำระค่าสินค้า/บริการ","","429,359.00","2,451,247.08","CMS"
"17 ก.พ. 2568 18:16","17 ก.พ. 2568","รับเงินชำระค่าสินค้า/บริการ","","571,054.00","2,021,888.08","CMS"
"17 ก.พ. 2568 18:16","17 ก.พ. 2568","รับเงินชำระค่าสินค้า/บริการ","","748,430.00","1,450,834.08","CMS"
"17 ก.พ. 2568 11:01","17 ก.พ. 2568","ค่าธรรมเนียม","12.00","","702,404.08","AUTO"
"17 ก.พ. 2568 11:01","17 ก.พ. 2568","ค่าธรรมเนียม","12.00","","702,416.08","AUTO"
"17 ก.พ. 2568 11:01","17 ก.พ. 2568","ค่าธรรมเนียม","12.00","","702,428.08","AUTO"
"17 ก.พ. 2568 11:01","17 ก.พ. 2568","ค่าธรรมเนียม","12.00","","702,440.08","AUTO"
"17 ก.พ. 2568 10:01","17 ก.พ. 2568","โอนเงินผ่าน SMART","2,000,000.00","","702,452.08","AUTO"
"17 ก.พ. 2568 10:01","17 ก.พ. 2568","โอนเงินผ่าน SMART","2,000,000.00","","2,702,452.08","AUTO"
"17 ก.พ. 2568 10:01","17 ก.พ. 2568","โอนเงินผ่าน SMART","2,000,000.00","","4,702,452.08","AUTO"
"17 ก.พ. 2568 10:01","17 ก.พ. 2568","โอนเงินผ่าน SMART","2,000,000.00","","6,702,452.08","AUTO"
"17 ก.พ. 2568 03:01","17 ก.พ. 2568","ชำระค่าบัตรเครดิต","","29,329.14","8,702,452.08","AUTO"
"14 ก.พ. 2568 17:11","14 ก.พ. 2568","รับเงินชำระค่าสินค้า/บริการ","","613,790.00","8,673,122.94","CMS"
"13 ก.พ. 2568 17:33","13 ก.พ. 2568","รับเงินชำระค่าสินค้า/บริการ","","570,347.00","8,059,332.94","CMS"
"11 ก.พ. 2568 16:35","11 ก.พ. 2568","รับเงินชำระค่าสินค้า/บริการ","","619,500.00","7,488,985.94","CMS"
"10 ก.พ. 2568 17:02","10 ก.พ. 2568","รับเงินชำระค่าสินค้า/บริการ","","426,940.00","6,869,485.94","CMS"
"10 ก.พ. 2568 17:02","10 ก.พ. 2568","รับเงินชำระค่าสินค้า/บริการ","","482,349.00","6,442,545.94","CMS"
"10 ก.พ. 2568 03:00","10 ก.พ. 2568","ชำระค่าบัตรเครดิต","","11,562.21","5,960,196.94","AUTO"
"07 ก.พ. 2568 17:43","07 ก.พ. 2568","รับเงินชำระค่าสินค้า/บริการ","","463,239.00","5,948,634.73","CMS"
"06 ก.พ. 2568 16:51","06 ก.พ. 2568","รับเงินชำระค่าสินค้า/บริการ","","426,969.00","5,485,395.73","CMS"
"05 ก.พ. 2568 17:00","05 ก.พ. 2568","รับเงินชำระค่าสินค้า/บริการ","","540,146.00","5,058,426.73","CMS"
"04 ก.พ. 2568 16:44","04 ก.พ. 2568","รับเงินชำระค่าสินค้า/บริการ","","391,230.00","4,518,280.73","CMS"
"03 ก.พ. 2568 16:27","03 ก.พ. 2568","รับเงินชำระค่าสินค้า/บริการ","","424,954.00","4,127,050.73","CMS"
"03 ก.พ. 2568 16:26","03 ก.พ. 2568","รับเงินชำระค่าสินค้า/บริการ","","527,786.00","3,702,096.73","CMS"
"01 ก.พ. 2568 04:01","01 ก.พ. 2568","ชำระค่าบัตรเครดิต","","13,259.05","3,174,310.73","AUTO"
"","","ยอดเงินรวมทั้งหมด","8,000,048.00","11,731,537.65","","",

หมายเหตุ
 ยอดคงเหลือแสดงยอดคงเหลือ ณ เวลาที่ทำรายการ
 ธนาคารไม่รับผิดชอบความถูกต้อง หรือความเหมาะสมของข้อความอ้างอิงรายการที่ผู้โอนระบุไว้