ชื่อย่อบัญชี,"",ยอดเงินคงเหลือ,"3,006,548.49",
เลขที่บัญชี,"959-7-125468",ยอดเงินที่ถอนได้,"3,006,548.49",

วันที่ทำรายการ,วันที่มีผล,คำอธิบาย,หักบัญชี,เข้าบัญชี,ยอดคงเหลือ,ช่องทางทำรายการ,
"29 พ.ย. 2567 16:40","29 พ.ย. 2567","รับเงินชำระค่าสินค้า/บริการ","","150,619.00","3,006,548.49","CMS"
"28 พ.ย. 2567 17:00","28 พ.ย. 2567","รับเงินชำระค่าสินค้า/บริการ","","372,830.00","2,855,929.49","CMS"
"27 พ.ย. 2567 16:14","27 พ.ย. 2567","รับเงินชำระค่าสินค้า/บริการ","","494,524.00","2,483,099.49","CMS"
"27 พ.ย. 2567 11:14","27 พ.ย. 2567","ค่าธรรมเนียม","12.00","","1,988,575.49","AUTO"
"27 พ.ย. 2567 10:01","27 พ.ย. 2567","โอนเงินผ่าน SMART","2,000,000.00","","1,988,587.49","AUTO"
"26 พ.ย. 2567 16:19","26 พ.ย. 2567","รับเงินชำระค่าสินค้า/บริการ","","291,329.00","3,988,587.49","CMS"
"25 พ.ย. 2567 16:55","25 พ.ย. 2567","รับเงินชำระค่าสินค้า/บริการ","","333,469.00","3,697,258.49","CMS"
"25 พ.ย. 2567 16:55","25 พ.ย. 2567","รับเงินชำระค่าสินค้า/บริการ","","481,698.00","3,363,789.49","CMS"
"23 พ.ย. 2567 03:12","23 พ.ย. 2567","ชำระค่าบัตรเครดิต","","24,964.96","2,882,091.49","AUTO"
"22 พ.ย. 2567 16:02","22 พ.ย. 2567","รับเงินชำระค่าสินค้า/บริการ","","657,048.00","2,857,126.53","CMS"
"21 พ.ย. 2567 16:23","21 พ.ย. 2567","รับเงินชำระค่าสินค้า/บริการ","","390,270.00","2,200,078.53","CMS"
"20 พ.ย. 2567 16:12","20 พ.ย. 2567","รับเงินชำระค่าสินค้า/บริการ","","426,778.00","1,809,808.53","CMS"
"19 พ.ย. 2567 16:12","19 พ.ย. 2567","รับเงินชำระค่าสินค้า/บริการ","","320,896.00","1,383,030.53","CMS"
"18 พ.ย. 2567 16:19","18 พ.ย. 2567","รับเงินชำระค่าสินค้า/บริการ","","347,170.00","1,062,134.53","CMS"
"18 พ.ย. 2567 16:19","18 พ.ย. 2567","รับเงินชำระค่าสินค้า/บริการ","","498,882.00","714,964.53","CMS"
"18 พ.ย. 2567 11:01","18 พ.ย. 2567","ค่าธรรมเนียม","12.00","","216,082.53","AUTO"
"18 พ.ย. 2567 11:01","18 พ.ย. 2567","ค่าธรรมเนียม","12.00","","216,094.53","AUTO"
"18 พ.ย. 2567 11:01","18 พ.ย. 2567","ค่าธรรมเนียม","12.00","","216,106.53","AUTO"
"18 พ.ย. 2567 10:01","18 พ.ย. 2567","โอนเงินผ่าน SMART","2,000,000.00","","216,118.53","AUTO"
"18 พ.ย. 2567 10:01","18 พ.ย. 2567","โอนเงินผ่าน SMART","2,000,000.00","","2,216,118.53","AUTO"
"18 พ.ย. 2567 10:01","18 พ.ย. 2567","โอนเงินผ่าน SMART","2,000,000.00","","4,216,118.53","AUTO"
"15 พ.ย. 2567 16:58","15 พ.ย. 2567","รับเงินชำระค่าสินค้า/บริการ","","381,745.00","6,216,118.53","CMS"
"14 พ.ย. 2567 16:43","14 พ.ย. 2567","รับเงินชำระค่าสินค้า/บริการ","","306,370.00","5,834,373.53","CMS"
"13 พ.ย. 2567 16:24","13 พ.ย. 2567","รับเงินชำระค่าสินค้า/บริการ","","824,844.00","5,528,003.53","CMS"
"12 พ.ย. 2567 16:33","12 พ.ย. 2567","รับเงินชำระค่าสินค้า/บริการ","","234,050.00","4,703,159.53","CMS"
"11 พ.ย. 2567 16:43","11 พ.ย. 2567","รับเงินชำระค่าสินค้า/บริการ","","696,618.00","4,469,109.53","CMS"
"11 พ.ย. 2567 16:42","11 พ.ย. 2567","รับเงินชำระค่าสินค้า/บริการ","","413,349.00","3,772,491.53","CMS"
"08 พ.ย. 2567 16:20","08 พ.ย. 2567","รับเงินชำระค่าสินค้า/บริการ","","436,939.00","3,359,142.53","CMS"
"07 พ.ย. 2567 16:44","07 พ.ย. 2567","รับเงินชำระค่าสินค้า/บริการ","","313,689.00","2,922,203.53","CMS"
"06 พ.ย. 2567 17:25","06 พ.ย. 2567","รับเงินชำระค่าสินค้า/บริการ","","675,219.00","2,608,514.53","CMS"
"05 พ.ย. 2567 16:17","05 พ.ย. 2567","รับเงินชำระค่าสินค้า/บริการ","","363,779.00","1,933,295.53","CMS"
"05 พ.ย. 2567 11:01","05 พ.ย. 2567","ค่าธรรมเนียม","12.00","","1,569,516.53","AUTO"
"05 พ.ย. 2567 11:01","05 พ.ย. 2567","ค่าธรรมเนียม","12.00","","1,569,528.53","AUTO"
"05 พ.ย. 2567 11:01","05 พ.ย. 2567","ค่าธรรมเนียม","12.00","","1,569,540.53","AUTO"
"05 พ.ย. 2567 10:02","05 พ.ย. 2567","โอนเงินผ่าน SMART","2,000,000.00","","1,569,552.53","AUTO"
"05 พ.ย. 2567 10:02","05 พ.ย. 2567","โอนเงินผ่าน SMART","2,000,000.00","","3,569,552.53","AUTO"
"05 พ.ย. 2567 10:02","05 พ.ย. 2567","โอนเงินผ่าน SMART","2,000,000.00","","5,569,552.53","AUTO"
"05 พ.ย. 2567 03:50","05 พ.ย. 2567","รับเงินชำระค่าสินค้า/บริการ","","609,045.00","7,569,552.53","CMS"
"05 พ.ย. 2567 03:50","05 พ.ย. 2567","รับเงินชำระค่าสินค้า/บริการ","","682,837.00","6,960,507.53","CMS"
"04 พ.ย. 2567 04:01","04 พ.ย. 2567","ชำระค่าบัตรเครดิต","","10,585.62","6,277,670.53","AUTO"
"01 พ.ย. 2567 16:18","01 พ.ย. 2567","รับเงินชำระค่าสินค้า/บริการ","","320,415.00","6,267,084.91","CMS"
"","","ยอดเงินรวมทั้งหมด","14,000,084.00","11,059,962.58","","",

หมายเหตุ
 ยอดคงเหลือแสดงยอดคงเหลือ ณ เวลาที่ทำรายการ
 ธนาคารไม่รับผิดชอบความถูกต้อง หรือความเหมาะสมของข้อความอ้างอิงรายการที่ผู้โอนระบุไว้